platform,family,phase,ep,eplb,token,sessions,values_us,truth_median_us,truth_mean_us,min_session_us,max_session_us,spread_pct,stability,source_group,truth_method,notes
h100,ordinary_context,context,1,off,1,3,133.761;134.658;135.198,134.658,134.539,133.761,135.198,1.0671478857550327,stable,aic_covered_context_truth_supplement_20260725,torch_profiler_kernel_external_id_or_existing_mode_parser,AIC-covered truth supplement; wideep_generation token40 excluded because nsys event-node parser produced no valid truth.
h100,ordinary_context,context,1,off,2,3,249.472;250.496;250.721,250.496,250.2296666666667,249.472,250.72100000000003,0.4986107562595904,stable,aic_covered_context_truth_supplement_20260725,torch_profiler_kernel_external_id_or_existing_mode_parser,AIC-covered truth supplement; wideep_generation token40 excluded because nsys event-node parser produced no valid truth.
h100,ordinary_context,context,1,off,4,3,448.640;449.150;450.175,449.15,449.322,448.64,450.175,0.34,stable,three_modes_latest_20260723_plus_formal_small_token,torch_profiler_kernel_external_id_or_existing_mode_parser,
h100,ordinary_context,context,1,off,8,3,800.159;801.761;802.463,801.761,801.461,800.159,802.463,0.29,stable,three_modes_latest_20260723_plus_formal_small_token,torch_profiler_kernel_external_id_or_existing_mode_parser,
h100,ordinary_context,context,1,off,16,3,1320.030;1321.502;1321.792,1321.502,1321.108,1320.03,1321.792,0.1333331315427403,stable,aic_covered_context_truth_supplement_20260725,torch_profiler_kernel_external_id_or_existing_mode_parser,AIC-covered truth supplement; wideep_generation token40 excluded because nsys event-node parser produced no valid truth.
h100,ordinary_context,context,1,off,32,3,2046.845;2047.132;2047.199,2047.132,2047.059,2046.845,2047.199,0.02,stable,three_modes_latest_20260723_plus_formal_small_token,torch_profiler_kernel_external_id_or_existing_mode_parser,
h100,ordinary_context,context,1,off,64,3,2696.094;2696.445;2697.981,2696.445,2696.84,2696.094,2697.981,0.07,stable,three_modes_latest_20260723_plus_formal_small_token,torch_profiler_kernel_external_id_or_existing_mode_parser,
h100,ordinary_context,context,1,off,128,3,3309.532;3311.230;3311.773,3311.23,3310.845,3309.532,3311.773,0.07,stable,three_modes_latest_20260723_plus_formal_small_token,torch_profiler_kernel_external_id_or_existing_mode_parser,
h100,ordinary_context,context,1,off,512,3,3805.499;3805.792;3806.205,3805.792,3805.832,3805.499,3806.205,0.02,stable,three_modes_latest_20260723_plus_formal_small_token,torch_profiler_kernel_external_id_or_existing_mode_parser,
h100,ordinary_context,context,1,off,640,3,3830.462;3832.316;3834.716,3832.316,3832.498,3830.462,3834.716,0.11,stable,three_modes_latest_20260723_plus_formal_small_token,torch_profiler_kernel_external_id_or_existing_mode_parser,
h100,ordinary_context,context,1,off,896,3,3940.991;3945.979;3953.468,3945.979,3946.813,3940.991,3953.468,0.32,stable,three_modes_latest_20260723_plus_formal_small_token,torch_profiler_kernel_external_id_or_existing_mode_parser,
h100,ordinary_context,context,1,off,1536,3,4276.734;4277.660;4281.951,4277.66,4278.782,4276.734,4281.951,0.12,stable,three_modes_latest_20260723_plus_formal_small_token,torch_profiler_kernel_external_id_or_existing_mode_parser,
h100,ordinary_context,context,1,off,2048,3,4599.933;4604.028;4623.643,4604.028,4609.201,4599.933,4623.643,0.51,stable,three_modes_latest_20260723_plus_formal_small_token,torch_profiler_kernel_external_id_or_existing_mode_parser,
h100,ordinary_context,context,1,off,4096,3,6366.268;6432.606;6485.276,6432.606,6428.05,6366.268,6485.276,1.85,stable,three_modes_latest_20260723_plus_formal_small_token,torch_profiler_kernel_external_id_or_existing_mode_parser,
h100,ordinary_context,context,1,off,5120,3,7191.292;7378.204;7452.859,7378.204,7340.785,7191.292,7452.859,3.55,stable,three_modes_latest_20260723_plus_formal_small_token,torch_profiler_kernel_external_id_or_existing_mode_parser,
h100,ordinary_context,context,1,off,8192,3,10468.568;10557.917;10710.237,10557.917,10578.907,10468.568,10710.237,2.29,stable,three_modes_latest_20260723_plus_formal_small_token,torch_profiler_kernel_external_id_or_existing_mode_parser,
h100,ordinary_context,context,1,off,12288,3,15018.038;15068.792;15123.678,15068.792,15070.169,15018.038,15123.678,0.7,stable,three_modes_latest_20260723_plus_formal_small_token,torch_profiler_kernel_external_id_or_existing_mode_parser,
h100,ordinary_context,context,1,off,16384,3,18932.056;19152.155;19236.801,19152.155,19107.004,18932.056,19236.801,1.59,stable,three_modes_latest_20260723_plus_formal_small_token,torch_profiler_kernel_external_id_or_existing_mode_parser,
h100,ordinary_context,context,2,off,1,3,104.544;104.578;105.022,104.578,104.71466666666667,104.544,105.022,0.4570751018378708,stable,aic_covered_context_truth_supplement_20260725,torch_profiler_kernel_external_id_or_existing_mode_parser,AIC-covered truth supplement; wideep_generation token40 excluded because nsys event-node parser produced no valid truth.
h100,ordinary_context,context,2,off,2,3,195.073;195.682;196.096,195.682,195.617,195.073,196.096,0.522786970697354,stable,aic_covered_context_truth_supplement_20260725,torch_profiler_kernel_external_id_or_existing_mode_parser,AIC-covered truth supplement; wideep_generation token40 excluded because nsys event-node parser produced no valid truth.
h100,ordinary_context,context,2,off,4,3,257.536;258.080;259.297,258.08,258.304,257.536,259.297,0.68,stable,three_modes_latest_20260723_plus_formal_small_token,torch_profiler_kernel_external_id_or_existing_mode_parser,
h100,ordinary_context,context,2,off,8,3,492.160;492.482;493.184,492.482,492.609,492.16,493.184,0.21,stable,three_modes_latest_20260723_plus_formal_small_token,torch_profiler_kernel_external_id_or_existing_mode_parser,
h100,ordinary_context,context,2,off,16,3,715.617;716.481;718.048,716.481,716.7153333333332,715.6170000000001,718.048,0.3392972039732981,stable,aic_covered_context_truth_supplement_20260725,torch_profiler_kernel_external_id_or_existing_mode_parser,AIC-covered truth supplement; wideep_generation token40 excluded because nsys event-node parser produced no valid truth.
h100,ordinary_context,context,2,off,32,3,1131.873;1132.096;1132.321,1132.096,1132.097,1131.873,1132.321,0.04,stable,three_modes_latest_20260723_plus_formal_small_token,torch_profiler_kernel_external_id_or_existing_mode_parser,
h100,ordinary_context,context,2,off,64,3,1409.919;1410.210;1410.495,1410.21,1410.208,1409.919,1410.495,0.04,stable,three_modes_latest_20260723_plus_formal_small_token,torch_profiler_kernel_external_id_or_existing_mode_parser,
h100,ordinary_context,context,2,off,128,3,1743.038;1743.038;1745.503,1743.038,1743.86,1743.038,1745.503,0.14,stable,three_modes_latest_20260723_plus_formal_small_token,torch_profiler_kernel_external_id_or_existing_mode_parser,
h100,ordinary_context,context,2,off,512,3,1982.943;1983.709;1983.932,1983.709,1983.528,1982.943,1983.932,0.05,stable,three_modes_latest_20260723_plus_formal_small_token,torch_profiler_kernel_external_id_or_existing_mode_parser,
h100,ordinary_context,context,2,off,640,3,2012.191;2013.505;2015.905,2013.505,2013.867,2012.191,2015.905,0.18,stable,three_modes_latest_20260723_plus_formal_small_token,torch_profiler_kernel_external_id_or_existing_mode_parser,
h100,ordinary_context,context,2,off,896,3,2059.970;2060.067;2061.825,2060.067,2060.621,2059.97,2061.825,0.09,stable,three_modes_latest_20260723_plus_formal_small_token,torch_profiler_kernel_external_id_or_existing_mode_parser,
h100,ordinary_context,context,2,off,1536,3,2298.978;2303.295;2304.574,2303.295,2302.282,2298.978,2304.574,0.24,stable,three_modes_latest_20260723_plus_formal_small_token,torch_profiler_kernel_external_id_or_existing_mode_parser,
h100,ordinary_context,context,2,off,2048,3,2495.934;2500.642;2503.039,2500.642,2499.872,2495.934,2503.039,0.28,stable,three_modes_latest_20260723_plus_formal_small_token,torch_profiler_kernel_external_id_or_existing_mode_parser,
h100,ordinary_context,context,2,off,4096,3,3490.620;3491.261;3492.223,3491.261,3491.368,3490.62,3492.223,0.05,stable,three_modes_latest_20260723_plus_formal_small_token,torch_profiler_kernel_external_id_or_existing_mode_parser,
h100,ordinary_context,context,2,off,5120,3,4061.887;4066.718;4068.060,4066.718,4065.555,4061.887,4068.06,0.15,stable,three_modes_latest_20260723_plus_formal_small_token,torch_profiler_kernel_external_id_or_existing_mode_parser,
h100,ordinary_context,context,2,off,8192,3,5774.500;5795.294;5827.582,5795.294,5799.125,5774.5,5827.582,0.92,stable,three_modes_latest_20260723_plus_formal_small_token,torch_profiler_kernel_external_id_or_existing_mode_parser,
h100,ordinary_context,context,2,off,12288,3,7961.566;8206.589;8217.213,8206.589,8128.456,7961.566,8217.213,3.12,stable,three_modes_latest_20260723_plus_formal_small_token,torch_profiler_kernel_external_id_or_existing_mode_parser,
h100,ordinary_context,context,2,off,16384,3,10868.158;10884.123;11073.916,10884.123,10942.066,10868.158,11073.916,1.89,stable,three_modes_latest_20260723_plus_formal_small_token,torch_profiler_kernel_external_id_or_existing_mode_parser,
h100,ordinary_context,context,2,on,1,3,112.960;113.184;113.279,113.184,113.141,112.96,113.279,0.2818419564602794,stable,aic_covered_context_truth_supplement_20260725,torch_profiler_kernel_external_id_or_existing_mode_parser,AIC-covered truth supplement; wideep_generation token40 excluded because nsys event-node parser produced no valid truth.
h100,ordinary_context,context,2,on,2,3,203.328;204.224;204.637,204.224,204.063,203.32800000000003,204.637,0.6409628643058451,stable,aic_covered_context_truth_supplement_20260725,torch_profiler_kernel_external_id_or_existing_mode_parser,AIC-covered truth supplement; wideep_generation token40 excluded because nsys event-node parser produced no valid truth.
h100,ordinary_context,context,2,on,4,3,265.889;266.818;267.264,266.818,266.657,265.889,267.264,0.52,stable,three_modes_latest_20260723_plus_formal_small_token,torch_profiler_kernel_external_id_or_existing_mode_parser,
h100,ordinary_context,context,2,on,8,3,498.336;501.214;502.592,501.214,500.714,498.336,502.592,0.85,stable,three_modes_latest_20260723_plus_formal_small_token,torch_profiler_kernel_external_id_or_existing_mode_parser,
h100,ordinary_context,context,2,on,16,3,724.510;724.703;725.760,724.7030000000001,724.991,724.51,725.76,0.172484452251474,stable,aic_covered_context_truth_supplement_20260725,torch_profiler_kernel_external_id_or_existing_mode_parser,AIC-covered truth supplement; wideep_generation token40 excluded because nsys event-node parser produced no valid truth.
h100,ordinary_context,context,2,on,32,3,1142.083;1142.527;1143.300,1142.527,1142.637,1142.083,1143.3,0.11,stable,three_modes_latest_20260723_plus_formal_small_token,torch_profiler_kernel_external_id_or_existing_mode_parser,
h100,ordinary_context,context,2,on,64,3,1421.377;1422.848;1423.266,1422.848,1422.497,1421.377,1423.266,0.13,stable,three_modes_latest_20260723_plus_formal_small_token,torch_profiler_kernel_external_id_or_existing_mode_parser,
h100,ordinary_context,context,2,on,128,3,1752.063;1754.721;1755.454,1754.721,1754.079,1752.063,1755.454,0.19,stable,three_modes_latest_20260723_plus_formal_small_token,torch_profiler_kernel_external_id_or_existing_mode_parser,
h100,ordinary_context,context,2,on,512,3,1995.264;1996.511;1997.597,1996.511,1996.457,1995.264,1997.597,0.12,stable,three_modes_latest_20260723_plus_formal_small_token,torch_profiler_kernel_external_id_or_existing_mode_parser,
h100,ordinary_context,context,2,on,640,3,2024.610;2026.113;2027.456,2026.113,2026.06,2024.61,2027.456,0.14,stable,three_modes_latest_20260723_plus_formal_small_token,torch_profiler_kernel_external_id_or_existing_mode_parser,
h100,ordinary_context,context,2,on,896,3,2076.291;2080.096;2081.729,2080.096,2079.372,2076.291,2081.729,0.26,stable,three_modes_latest_20260723_plus_formal_small_token,torch_profiler_kernel_external_id_or_existing_mode_parser,
h100,ordinary_context,context,2,on,1536,3,2316.671;2319.197;2327.361,2319.197,2321.076,2316.671,2327.361,0.46,stable,three_modes_latest_20260723_plus_formal_small_token,torch_profiler_kernel_external_id_or_existing_mode_parser,
h100,ordinary_context,context,2,on,2048,3,2512.258;2519.712;2523.550,2519.712,2518.507,2512.258,2523.55,0.45,stable,three_modes_latest_20260723_plus_formal_small_token,torch_profiler_kernel_external_id_or_existing_mode_parser,
h100,ordinary_context,context,2,on,4096,3,3515.101;3515.870;3522.591,3515.87,3517.854,3515.101,3522.591,0.21,stable,three_modes_latest_20260723_plus_formal_small_token,torch_profiler_kernel_external_id_or_existing_mode_parser,
h100,ordinary_context,context,2,on,5120,3,4087.326;4090.367;4093.279,4090.367,4090.324,4087.326,4093.279,0.15,stable,three_modes_latest_20260723_plus_formal_small_token,torch_profiler_kernel_external_id_or_existing_mode_parser,
h100,ordinary_context,context,2,on,8192,3,5823.554;5830.465;5830.913,5830.465,5828.311,5823.554,5830.913,0.13,stable,three_modes_latest_20260723_plus_formal_small_token,torch_profiler_kernel_external_id_or_existing_mode_parser,
h100,ordinary_context,context,2,on,12288,3,8199.464;8204.898;8341.661,8204.898,8248.674,8199.464,8341.661,1.73,stable,three_modes_latest_20260723_plus_formal_small_token,torch_profiler_kernel_external_id_or_existing_mode_parser,
h100,ordinary_context,context,2,on,16384,3,10958.970;11090.591;11137.342,11090.591,11062.301,10958.97,11137.342,1.61,stable,three_modes_latest_20260723_plus_formal_small_token,torch_profiler_kernel_external_id_or_existing_mode_parser,
h100,ordinary_context,context,4,off,1,3,87.264;87.968;88.320,87.968,87.85066666666667,87.264,88.32,1.2101210121012065,stable,h100_ep4_context_supplement_20260726,torch_profiler_kernel_external_id_rankmax_layer_median_session_median,h100 four-card EP4 supplement
h100,ordinary_context,context,4,off,2,3,116.162;116.289;116.864,116.289,116.43833333333336,116.162,116.864,0.6043284378712377,stable,h100_ep4_context_supplement_20260726,torch_profiler_kernel_external_id_rankmax_layer_median_session_median,h100 four-card EP4 supplement
h100,ordinary_context,context,4,off,4,3,196.258;198.045;198.177,198.045,197.493,196.258,198.177,0.97,stable,three_modes_latest_20260723_plus_formal_small_token,torch_profiler_kernel_external_id_or_existing_mode_parser,
h100,ordinary_context,context,4,off,8,3,315.841;316.097;316.926,316.097,316.288,315.841,316.926,0.34,stable,three_modes_latest_20260723_plus_formal_small_token,torch_profiler_kernel_external_id_or_existing_mode_parser,
h100,ordinary_context,context,4,off,16,3,422.432;422.560;422.783,422.56,422.5916666666667,422.432,422.7830000000001,0.0830902961896917,stable,h100_ep4_context_supplement_20260726,torch_profiler_kernel_external_id_rankmax_layer_median_session_median,h100 four-card EP4 supplement
h100,ordinary_context,context,4,off,32,3,682.370;683.520;684.288,683.52,683.393,682.37,684.288,0.28,stable,three_modes_latest_20260723_plus_formal_small_token,torch_profiler_kernel_external_id_or_existing_mode_parser,
h100,ordinary_context,context,4,off,64,3,790.817;792.129;793.443,792.129,792.13,790.817,793.443,0.33,stable,three_modes_latest_20260723_plus_formal_small_token,torch_profiler_kernel_external_id_or_existing_mode_parser,
h100,ordinary_context,context,4,off,128,3,934.080;934.498;936.737,934.498,935.105,934.08,936.737,0.28,stable,three_modes_latest_20260723_plus_formal_small_token,torch_profiler_kernel_external_id_or_existing_mode_parser,
h100,ordinary_context,context,4,off,512,3,1060.417;1060.638;1061.759,1060.638,1060.938,1060.417,1061.759,0.13,stable,three_modes_latest_20260723_plus_formal_small_token,torch_profiler_kernel_external_id_or_existing_mode_parser,
h100,ordinary_context,context,4,off,640,3,1090.082;1091.743;1094.816,1091.743,1092.214,1090.082,1094.816,0.43,stable,three_modes_latest_20260723_plus_formal_small_token,torch_profiler_kernel_external_id_or_existing_mode_parser,
h100,ordinary_context,context,4,off,896,3,1137.985;1140.704;1141.313,1140.704,1140.001,1137.985,1141.313,0.29,stable,three_modes_latest_20260723_plus_formal_small_token,torch_profiler_kernel_external_id_or_existing_mode_parser,
h100,ordinary_context,context,4,off,1536,3,1321.854;1322.368;1322.722,1322.368,1322.315,1321.854,1322.722,0.07,stable,three_modes_latest_20260723_plus_formal_small_token,torch_profiler_kernel_external_id_or_existing_mode_parser,
h100,ordinary_context,context,4,off,2048,3,1457.470;1461.600;1463.296,1461.6,1460.789,1457.47,1463.296,0.4,stable,three_modes_latest_20260723_plus_formal_small_token,torch_profiler_kernel_external_id_or_existing_mode_parser,
h100,ordinary_context,context,4,off,4096,3,2141.379;2142.338;2142.787,2142.338,2142.168,2141.379,2142.787,0.07,stable,three_modes_latest_20260723_plus_formal_small_token,torch_profiler_kernel_external_id_or_existing_mode_parser,
h100,ordinary_context,context,4,off,5120,3,2533.472;2535.717;2544.737,2535.717,2537.975,2533.472,2544.737,0.44,stable,three_modes_latest_20260723_plus_formal_small_token,torch_profiler_kernel_external_id_or_existing_mode_parser,
h100,ordinary_context,context,4,off,8192,3,3689.091;3699.010;3699.812,3699.01,3695.971,3689.091,3699.812,0.29,stable,three_modes_latest_20260723_plus_formal_small_token,torch_profiler_kernel_external_id_or_existing_mode_parser,
h100,ordinary_context,context,4,off,12288,3,5253.574;5256.485;5291.716,5256.485,5267.258,5253.574,5291.716,0.73,stable,three_modes_latest_20260723_plus_formal_small_token,torch_profiler_kernel_external_id_or_existing_mode_parser,
h100,ordinary_context,context,4,off,16384,3,7088.327;7102.151;7116.196,7102.151,7102.225,7088.327,7116.196,0.39,stable,three_modes_latest_20260723_plus_formal_small_token,torch_profiler_kernel_external_id_or_existing_mode_parser,
h100,ordinary_context,context,4,on,1,3,96.381;96.417;96.609,96.417,96.469,96.381,96.609,0.236561147944081,stable,h100_ep4_context_supplement_20260726,torch_profiler_kernel_external_id_rankmax_layer_median_session_median,h100 four-card EP4 supplement
h100,ordinary_context,context,4,on,2,3,124.959;125.311;125.376,125.311,125.21533333333332,124.959,125.376,0.3337094567017917,stable,h100_ep4_context_supplement_20260726,torch_profiler_kernel_external_id_rankmax_layer_median_session_median,h100 four-card EP4 supplement
h100,ordinary_context,context,4,on,4,3,206.304;206.975;207.136,206.975,206.805,206.304,207.136,0.4,stable,three_modes_latest_20260723_plus_formal_small_token,torch_profiler_kernel_external_id_or_existing_mode_parser,
h100,ordinary_context,context,4,on,8,3,323.168;323.684;323.935,323.684,323.596,323.168,323.935,0.24,stable,three_modes_latest_20260723_plus_formal_small_token,torch_profiler_kernel_external_id_or_existing_mode_parser,
h100,ordinary_context,context,4,on,16,3,431.388;431.424;431.488,431.424,431.4333333333333,431.388,431.48800000000006,0.0231809878809885,stable,h100_ep4_context_supplement_20260726,torch_profiler_kernel_external_id_rankmax_layer_median_session_median,h100 four-card EP4 supplement
h100,ordinary_context,context,4,on,32,3,692.576;692.706;693.311,692.706,692.864,692.576,693.311,0.11,stable,three_modes_latest_20260723_plus_formal_small_token,torch_profiler_kernel_external_id_or_existing_mode_parser,
h100,ordinary_context,context,4,on,64,3,803.776;804.063;804.544,804.063,804.128,803.776,804.544,0.1,stable,three_modes_latest_20260723_plus_formal_small_token,torch_profiler_kernel_external_id_or_existing_mode_parser,
h100,ordinary_context,context,4,on,128,3,944.481;944.801;945.859,944.801,945.047,944.481,945.859,0.15,stable,three_modes_latest_20260723_plus_formal_small_token,torch_profiler_kernel_external_id_or_existing_mode_parser,
h100,ordinary_context,context,4,on,512,3,1075.553;1077.377;1077.536,1077.377,1076.822,1075.553,1077.536,0.18,stable,three_modes_latest_20260723_plus_formal_small_token,torch_profiler_kernel_external_id_or_existing_mode_parser,
h100,ordinary_context,context,4,on,640,3,1102.944;1103.329;1104.761,1103.329,1103.678,1102.944,1104.761,0.16,stable,three_modes_latest_20260723_plus_formal_small_token,torch_profiler_kernel_external_id_or_existing_mode_parser,
h100,ordinary_context,context,4,on,896,3,1154.175;1154.242;1154.816,1154.242,1154.411,1154.175,1154.816,0.06,stable,three_modes_latest_20260723_plus_formal_small_token,torch_profiler_kernel_external_id_or_existing_mode_parser,
h100,ordinary_context,context,4,on,1536,3,1334.022;1334.050;1335.584,1334.05,1334.552,1334.022,1335.584,0.12,stable,three_modes_latest_20260723_plus_formal_small_token,torch_profiler_kernel_external_id_or_existing_mode_parser,
h100,ordinary_context,context,4,on,2048,3,1469.600;1472.320;1474.209,1472.32,1472.043,1469.6,1474.209,0.31,stable,three_modes_latest_20260723_plus_formal_small_token,torch_profiler_kernel_external_id_or_existing_mode_parser,
h100,ordinary_context,context,4,on,4096,3,2149.154;2154.241;2156.927,2154.241,2153.441,2149.154,2156.927,0.36,stable,three_modes_latest_20260723_plus_formal_small_token,torch_profiler_kernel_external_id_or_existing_mode_parser,
h100,ordinary_context,context,4,on,5120,3,2558.177;2558.912;2559.654,2558.912,2558.914,2558.177,2559.654,0.06,stable,three_modes_latest_20260723_plus_formal_small_token,torch_profiler_kernel_external_id_or_existing_mode_parser,
h100,ordinary_context,context,4,on,8192,3,3708.358;3709.892;3710.630,3709.892,3709.627,3708.358,3710.63,0.06,stable,three_modes_latest_20260723_plus_formal_small_token,torch_profiler_kernel_external_id_or_existing_mode_parser,
h100,ordinary_context,context,4,on,12288,3,5284.835;5295.939;5306.949,5295.939,5295.908,5284.835,5306.949,0.42,stable,three_modes_latest_20260723_plus_formal_small_token,torch_profiler_kernel_external_id_or_existing_mode_parser,
h100,ordinary_context,context,4,on,16384,3,7021.894;7061.223;7076.168,7061.223,7053.095,7021.894,7076.168,0.77,stable,three_modes_latest_20260723_plus_formal_small_token,torch_profiler_kernel_external_id_or_existing_mode_parser,
h100,ordinary_generation,generation,1,off,1,3,134.731;134.795;134.933,134.79500000000002,134.81955555555555,134.73066666666665,134.933,0.1500771401445292,stable,ordinary_generation_small_token_truth_20260725_formal,kernel_external_id_local_generation_scope,20260725 H100 four-GPU rerun; replaces 20260724 small-token ordinary_generation rows
h100,ordinary_generation,generation,1,off,2,3,230.613;231.189;231.649,231.1893333333333,231.1505555555556,230.6133333333333,231.649,0.4480485301787516,stable,ordinary_generation_small_token_truth_20260725_formal,kernel_external_id_local_generation_scope,20260725 H100 four-GPU rerun; replaces 20260724 small-token ordinary_generation rows
h100,ordinary_generation,generation,1,off,4,3,423.882;424.266;425.375,424.26633333333336,424.5078888888889,423.882,425.3753333333333,0.3517798779292295,stable,ordinary_generation_small_token_truth_20260725_formal,kernel_external_id_local_generation_scope,20260725 H100 four-GPU rerun; replaces 20260724 small-token ordinary_generation rows
h100,ordinary_generation,generation,1,off,8,3,655.904;656.831;658.142,656.831,656.959,655.904,658.142,0.34,stable,three_modes_latest_20260723_plus_formal_small_token,torch_profiler_kernel_external_id_or_existing_mode_parser,
h100,ordinary_generation,generation,1,off,16,3,1075.583;1076.244;1077.300,1076.244333333333,1076.3756666666666,1075.582666666667,1077.3,0.1595477663157607,stable,ordinary_generation_small_token_truth_20260725_formal,kernel_external_id_local_generation_scope,20260725 H100 four-GPU rerun; replaces 20260724 small-token ordinary_generation rows
h100,ordinary_generation,generation,1,off,32,3,1445.279;1445.567;1445.886,1445.567,1445.577,1445.279,1445.886,0.04,stable,three_modes_latest_20260723_plus_formal_small_token,torch_profiler_kernel_external_id_or_existing_mode_parser,
h100,ordinary_generation,generation,1,off,40,3,1705.886;1707.231;1707.775,1707.231,1706.964,1705.886,1707.775,0.11,stable,three_modes_latest_20260723_plus_formal_small_token,torch_profiler_kernel_external_id_or_existing_mode_parser,
h100,ordinary_generation,generation,1,off,64,3,2183.167;2183.937;2184.445,2183.937,2183.85,2183.167,2184.445,0.06,stable,three_modes_latest_20260723_plus_formal_small_token,torch_profiler_kernel_external_id_or_existing_mode_parser,
h100,ordinary_generation,generation,1,off,128,3,2526.204;2526.206;2528.158,2526.206,2526.856,2526.204,2528.158,0.08,stable,three_modes_latest_20260723_plus_formal_small_token,torch_profiler_kernel_external_id_or_existing_mode_parser,
h100,ordinary_generation,generation,1,off,288,3,3254.623;3255.812;3257.246,3255.812,3255.894,3254.623,3257.246,0.08,stable,three_modes_latest_20260723_plus_formal_small_token,torch_profiler_kernel_external_id_or_existing_mode_parser,
h100,ordinary_generation,generation,1,off,512,3,3525.535;3531.455;3532.062,3531.455,3529.684,3525.535,3532.062,0.18,stable,three_modes_latest_20260723_plus_formal_small_token,torch_profiler_kernel_external_id_or_existing_mode_parser,
h100,ordinary_generation,generation,1,off,896,3,3101.312;3107.329;3109.149,3107.329,3105.93,3101.312,3109.149,0.25,stable,three_modes_latest_20260723_plus_formal_small_token,torch_profiler_kernel_external_id_or_existing_mode_parser,
h100,ordinary_generation,generation,1,off,1024,3,3977.948;3984.541;3988.190,3984.541,3983.56,3977.948,3988.19,0.26,stable,three_modes_latest_20260723_plus_formal_small_token,torch_profiler_kernel_external_id_or_existing_mode_parser,
h100,ordinary_generation,generation,1,off,1280,3,3989.984;4000.093;4007.807,4000.093,3999.295,3989.984,4007.807,0.45,stable,three_modes_latest_20260723_plus_formal_small_token,torch_profiler_kernel_external_id_or_existing_mode_parser,
h100,ordinary_generation,generation,1,off,4096,3,4570.525;4572.413;4580.350,4572.413,4574.429,4570.525,4580.35,0.21,stable,three_modes_latest_20260723_plus_formal_small_token,torch_profiler_kernel_external_id_or_existing_mode_parser,
h100,ordinary_generation,generation,1,off,8192,3,4535.937;4539.026;4561.949,4539.026,4545.637,4535.937,4561.949,0.57,stable,three_modes_latest_20260723_plus_formal_small_token,torch_profiler_kernel_external_id_or_existing_mode_parser,
h100,ordinary_generation,generation,1,off,16384,3,4581.279;4600.671;4615.840,4600.671,4599.263,4581.279,4615.84,0.75,stable,three_modes_latest_20260723_plus_formal_small_token,torch_profiler_kernel_external_id_or_existing_mode_parser,
h100,ordinary_generation,generation,2,off,1,3,109.067;109.089;109.344,109.089,109.16688888888888,109.06733333333334,109.34433333333334,0.2537399414963032,stable,ordinary_generation_small_token_truth_20260725_formal,kernel_external_id_local_generation_scope,20260725 H100 four-GPU rerun; replaces 20260724 small-token ordinary_generation rows
h100,ordinary_generation,generation,2,off,2,3,177.237;177.280;178.250,177.28033333333332,177.58899999999997,177.23666666666665,178.25,0.5706059121529767,stable,ordinary_generation_small_token_truth_20260725_formal,kernel_external_id_local_generation_scope,20260725 H100 four-GPU rerun; replaces 20260724 small-token ordinary_generation rows
h100,ordinary_generation,generation,2,off,4,3,253.408;254.901;255.008,254.90133333333333,254.43922222222216,253.408,255.00833333333333,0.6289648739515636,stable,ordinary_generation_small_token_truth_20260725_formal,kernel_external_id_local_generation_scope,20260725 H100 four-GPU rerun; replaces 20260724 small-token ordinary_generation rows
h100,ordinary_generation,generation,2,off,8,3,447.009;447.328;448.256,447.328,447.531,447.009,448.256,0.28,stable,three_modes_latest_20260723_plus_formal_small_token,torch_profiler_kernel_external_id_or_existing_mode_parser,
h100,ordinary_generation,generation,2,off,16,3,607.178;607.350;608.246,607.3496666666666,607.5913333333333,607.178,608.2463333333333,0.1758309038860447,stable,ordinary_generation_small_token_truth_20260725_formal,kernel_external_id_local_generation_scope,20260725 H100 four-GPU rerun; replaces 20260724 small-token ordinary_generation rows
h100,ordinary_generation,generation,2,off,32,3,906.400;907.361;907.585,907.361,907.115,906.4,907.585,0.13,stable,three_modes_latest_20260723_plus_formal_small_token,torch_profiler_kernel_external_id_or_existing_mode_parser,
h100,ordinary_generation,generation,2,off,40,3,1009.697;1011.872;1011.939,1011.872,1011.169,1009.697,1011.939,0.22,stable,three_modes_latest_20260723_plus_formal_small_token,torch_profiler_kernel_external_id_or_existing_mode_parser,
h100,ordinary_generation,generation,2,off,64,3,1131.167;1133.121;1133.632,1133.121,1132.64,1131.167,1133.632,0.22,stable,three_modes_latest_20260723_plus_formal_small_token,torch_profiler_kernel_external_id_or_existing_mode_parser,
h100,ordinary_generation,generation,2,off,128,3,1327.073;1327.456;1328.289,1327.456,1327.606,1327.073,1328.289,0.09,stable,three_modes_latest_20260723_plus_formal_small_token,torch_profiler_kernel_external_id_or_existing_mode_parser,
h100,ordinary_generation,generation,2,off,288,3,1681.052;1682.785;1684.800,1682.785,1682.879,1681.052,1684.8,0.22,stable,three_modes_latest_20260723_plus_formal_small_token,torch_profiler_kernel_external_id_or_existing_mode_parser,
h100,ordinary_generation,generation,2,off,512,3,1924.382;1925.440;1926.623,1925.44,1925.482,1924.382,1926.623,0.12,stable,three_modes_latest_20260723_plus_formal_small_token,torch_profiler_kernel_external_id_or_existing_mode_parser,
h100,ordinary_generation,generation,2,off,896,3,1689.919;1690.687;1692.478,1690.687,1691.028,1689.919,1692.478,0.15,stable,three_modes_latest_20260723_plus_formal_small_token,torch_profiler_kernel_external_id_or_existing_mode_parser,
h100,ordinary_generation,generation,2,off,1024,3,2076.607;2077.695;2078.627,2077.695,2077.643,2076.607,2078.627,0.1,stable,three_modes_latest_20260723_plus_formal_small_token,torch_profiler_kernel_external_id_or_existing_mode_parser,
h100,ordinary_generation,generation,2,off,1280,3,2139.679;2142.013;2150.658,2142.013,2144.117,2139.679,2150.658,0.51,stable,three_modes_latest_20260723_plus_formal_small_token,torch_profiler_kernel_external_id_or_existing_mode_parser,
h100,ordinary_generation,generation,2,off,4096,3,3475.423;3477.055;3486.749,3477.055,3479.742,3475.423,3486.749,0.33,stable,three_modes_latest_20260723_plus_formal_small_token,torch_profiler_kernel_external_id_or_existing_mode_parser,
h100,ordinary_generation,generation,2,off,8192,3,3468.672;3470.271;3473.246,3470.271,3470.73,3468.672,3473.246,0.13,stable,three_modes_latest_20260723_plus_formal_small_token,torch_profiler_kernel_external_id_or_existing_mode_parser,
h100,ordinary_generation,generation,2,off,16384,3,3562.655;3563.422;3564.254,3563.422,3563.444,3562.655,3564.254,0.04,stable,three_modes_latest_20260723_plus_formal_small_token,torch_profiler_kernel_external_id_or_existing_mode_parser,
h100,ordinary_generation,generation,2,on,1,3,116.961;117.195;117.377,117.19466666666666,117.17744444444445,116.961,117.37666666666668,0.3547326609121899,stable,ordinary_generation_small_token_truth_20260725_formal,kernel_external_id_local_generation_scope,20260725 H100 four-GPU rerun; replaces 20260724 small-token ordinary_generation rows
h100,ordinary_generation,generation,2,on,2,3,185.515;185.728;186.475,185.72833333333327,185.906,185.51466666666667,186.475,0.5165693056347423,stable,ordinary_generation_small_token_truth_20260725_formal,kernel_external_id_local_generation_scope,20260725 H100 four-GPU rerun; replaces 20260724 small-token ordinary_generation rows
h100,ordinary_generation,generation,2,on,4,3,262.562;263.287;263.798,263.2866666666667,263.2154444444445,262.562,263.79766666666666,0.4694506696879831,stable,ordinary_generation_small_token_truth_20260725_formal,kernel_external_id_local_generation_scope,20260725 H100 four-GPU rerun; replaces 20260724 small-token ordinary_generation rows
h100,ordinary_generation,generation,2,on,8,3,455.712;455.999;456.543,455.999,456.085,455.712,456.543,0.18,stable,three_modes_latest_20260723_plus_formal_small_token,torch_profiler_kernel_external_id_or_existing_mode_parser,
h100,ordinary_generation,generation,2,on,16,3,616.479;617.161;617.430,617.1613333333333,617.0236666666666,616.4793333333333,617.4303333333334,0.1541269891862638,stable,ordinary_generation_small_token_truth_20260725_formal,kernel_external_id_local_generation_scope,20260725 H100 four-GPU rerun; replaces 20260724 small-token ordinary_generation rows
h100,ordinary_generation,generation,2,on,32,3,916.510;917.280;917.315,917.28,917.035,916.51,917.315,0.09,stable,three_modes_latest_20260723_plus_formal_small_token,torch_profiler_kernel_external_id_or_existing_mode_parser,
h100,ordinary_generation,generation,2,on,40,3,1022.238;1022.274;1023.199,1022.274,1022.57,1022.238,1023.199,0.09,stable,three_modes_latest_20260723_plus_formal_small_token,torch_profiler_kernel_external_id_or_existing_mode_parser,
h100,ordinary_generation,generation,2,on,64,3,1143.106;1143.808;1144.449,1143.808,1143.788,1143.106,1144.449,0.12,stable,three_modes_latest_20260723_plus_formal_small_token,torch_profiler_kernel_external_id_or_existing_mode_parser,
h100,ordinary_generation,generation,2,on,128,3,1337.791;1340.289;1340.705,1340.289,1339.595,1337.791,1340.705,0.22,stable,three_modes_latest_20260723_plus_formal_small_token,torch_profiler_kernel_external_id_or_existing_mode_parser,
h100,ordinary_generation,generation,2,on,288,3,1695.773;1696.578;1696.766,1696.578,1696.372,1695.773,1696.766,0.06,stable,three_modes_latest_20260723_plus_formal_small_token,torch_profiler_kernel_external_id_or_existing_mode_parser,
h100,ordinary_generation,generation,2,on,512,3,1940.096;1940.383;1941.435,1940.383,1940.638,1940.096,1941.435,0.07,stable,three_modes_latest_20260723_plus_formal_small_token,torch_profiler_kernel_external_id_or_existing_mode_parser,
h100,ordinary_generation,generation,2,on,896,3,1702.814;1708.383;1709.598,1708.383,1706.932,1702.814,1709.598,0.4,stable,three_modes_latest_20260723_plus_formal_small_token,torch_profiler_kernel_external_id_or_existing_mode_parser,
h100,ordinary_generation,generation,2,on,1024,3,2088.414;2092.414;2094.750,2092.414,2091.859,2088.414,2094.75,0.3,stable,three_modes_latest_20260723_plus_formal_small_token,torch_profiler_kernel_external_id_or_existing_mode_parser,
h100,ordinary_generation,generation,2,on,1280,3,2153.023;2159.168;2160.092,2159.168,2157.428,2153.023,2160.092,0.33,stable,three_modes_latest_20260723_plus_formal_small_token,torch_profiler_kernel_external_id_or_existing_mode_parser,
h100,ordinary_generation,generation,2,on,4096,3,3502.142;3507.329;3507.550,3507.329,3505.674,3502.142,3507.55,0.15,stable,three_modes_latest_20260723_plus_formal_small_token,torch_profiler_kernel_external_id_or_existing_mode_parser,
h100,ordinary_generation,generation,2,on,8192,3,3491.549;3495.808;3497.726,3495.808,3495.028,3491.549,3497.726,0.18,stable,three_modes_latest_20260723_plus_formal_small_token,torch_profiler_kernel_external_id_or_existing_mode_parser,
h100,ordinary_generation,generation,2,on,16384,3,3584.765;3595.582;3596.064,3595.582,3592.137,3584.765,3596.064,0.31,stable,three_modes_latest_20260723_plus_formal_small_token,torch_profiler_kernel_external_id_or_existing_mode_parser,
h100,ordinary_generation,generation,4,off,1,3,78.411;78.540;78.560,78.53966666666668,78.50355555555556,78.41066666666667,78.56033333333333,0.1906495388743824,stable,ordinary_generation_small_token_truth_20260725_formal,kernel_external_id_local_generation_scope,20260725 H100 four-GPU rerun; replaces 20260724 small-token ordinary_generation rows
h100,ordinary_generation,generation,4,off,2,3,146.944;147.210;147.435,147.21033333333332,147.19633333333334,146.94366666666667,147.435,0.3337945465127051,stable,ordinary_generation_small_token_truth_20260725_formal,kernel_external_id_local_generation_scope,20260725 H100 four-GPU rerun; replaces 20260724 small-token ordinary_generation rows
h100,ordinary_generation,generation,4,off,4,3,177.952;177.994;178.102,177.994,178.0158888888889,177.952,178.1016666666667,0.0840748921912842,stable,ordinary_generation_small_token_truth_20260725_formal,kernel_external_id_local_generation_scope,20260725 H100 four-GPU rerun; replaces 20260724 small-token ordinary_generation rows
h100,ordinary_generation,generation,4,off,8,3,291.456;292.641;293.536,292.641,292.544,291.456,293.536,0.71,stable,three_modes_latest_20260723_plus_formal_small_token,torch_profiler_kernel_external_id_or_existing_mode_parser,
h100,ordinary_generation,generation,4,off,16,3,381.291;381.632;381.877,381.632,381.5998888888889,381.29066666666665,381.877,0.1536513375411597,stable,ordinary_generation_small_token_truth_20260725_formal,kernel_external_id_local_generation_scope,20260725 H100 four-GPU rerun; replaces 20260724 small-token ordinary_generation rows
h100,ordinary_generation,generation,4,off,32,3,520.802;521.984;522.465,521.984,521.75,520.802,522.465,0.32,stable,three_modes_latest_20260723_plus_formal_small_token,torch_profiler_kernel_external_id_or_existing_mode_parser,
h100,ordinary_generation,generation,4,off,40,3,569.474;569.759;570.081,569.759,569.771,569.474,570.081,0.11,stable,three_modes_latest_20260723_plus_formal_small_token,torch_profiler_kernel_external_id_or_existing_mode_parser,
h100,ordinary_generation,generation,4,off,64,3,626.817;627.328;628.322,627.328,627.489,626.817,628.322,0.24,stable,three_modes_latest_20260723_plus_formal_small_token,torch_profiler_kernel_external_id_or_existing_mode_parser,
h100,ordinary_generation,generation,4,off,128,3,768.961;770.624;771.810,770.624,770.465,768.961,771.81,0.37,stable,three_modes_latest_20260723_plus_formal_small_token,torch_profiler_kernel_external_id_or_existing_mode_parser,
h100,ordinary_generation,generation,4,off,288,3,847.840;849.794;852.158,849.794,849.931,847.84,852.158,0.51,stable,three_modes_latest_20260723_plus_formal_small_token,torch_profiler_kernel_external_id_or_existing_mode_parser,
h100,ordinary_generation,generation,4,off,512,3,957.505;961.281;967.522,961.281,962.103,957.505,967.522,1.04,stable,three_modes_latest_20260723_plus_formal_small_token,torch_profiler_kernel_external_id_or_existing_mode_parser,
h100,ordinary_generation,generation,4,off,896,3,974.047;977.441;982.465,977.441,977.984,974.047,982.465,0.86,stable,three_modes_latest_20260723_plus_formal_small_token,torch_profiler_kernel_external_id_or_existing_mode_parser,
h100,ordinary_generation,generation,4,off,1024,3,1167.489;1169.825;1178.688,1169.825,1172.001,1167.489,1178.688,0.96,stable,three_modes_latest_20260723_plus_formal_small_token,torch_profiler_kernel_external_id_or_existing_mode_parser,
h100,ordinary_generation,generation,4,off,1280,3,1240.449;1240.958;1253.952,1240.958,1245.12,1240.449,1253.952,1.09,stable,three_modes_latest_20260723_plus_formal_small_token,torch_profiler_kernel_external_id_or_existing_mode_parser,
h100,ordinary_generation,generation,4,off,4096,3,2182.431;2183.168;2184.516,2183.168,2183.372,2182.431,2184.516,0.1,stable,three_modes_latest_20260723_plus_formal_small_token,torch_profiler_kernel_external_id_or_existing_mode_parser,
h100,ordinary_generation,generation,4,off,8192,3,2320.128;2336.962;2339.008,2336.962,2332.033,2320.128,2339.008,0.81,stable,three_modes_latest_20260723_plus_formal_small_token,torch_profiler_kernel_external_id_or_existing_mode_parser,
h100,ordinary_generation,generation,4,off,16384,3,2351.552;2352.258;2353.955,2352.258,2352.588,2351.552,2353.955,0.1,stable,three_modes_latest_20260723_plus_formal_small_token,torch_profiler_kernel_external_id_or_existing_mode_parser,
h100,ordinary_generation,generation,4,on,1,3,86.303;86.645;86.750,86.64466666666667,86.56588888888889,86.303,86.75,0.5163696760207093,stable,ordinary_generation_small_token_truth_20260725_formal,kernel_external_id_local_generation_scope,20260725 H100 four-GPU rerun; replaces 20260724 small-token ordinary_generation rows
h100,ordinary_generation,generation,4,on,2,3,155.179;155.488;155.712,155.48766666666666,155.45966666666666,155.17933333333332,155.712,0.342639784381375,stable,ordinary_generation_small_token_truth_20260725_formal,kernel_external_id_local_generation_scope,20260725 H100 four-GPU rerun; replaces 20260724 small-token ordinary_generation rows
h100,ordinary_generation,generation,4,on,4,3,185.845;185.994;186.710,185.9943333333333,186.18322222222216,185.8453333333333,186.71,0.4644170706395251,stable,ordinary_generation_small_token_truth_20260725_formal,kernel_external_id_local_generation_scope,20260725 H100 four-GPU rerun; replaces 20260724 small-token ordinary_generation rows
h100,ordinary_generation,generation,4,on,8,3,300.288;302.690;303.776,302.69,302.251,300.288,303.776,1.15,stable,three_modes_latest_20260723_plus_formal_small_token,torch_profiler_kernel_external_id_or_existing_mode_parser,
h100,ordinary_generation,generation,4,on,16,3,390.411;390.612;390.859,390.6123333333333,390.62733333333335,390.41066666666666,390.859,0.1147726477580482,stable,ordinary_generation_small_token_truth_20260725_formal,kernel_external_id_local_generation_scope,20260725 H100 four-GPU rerun; replaces 20260724 small-token ordinary_generation rows
h100,ordinary_generation,generation,4,on,32,3,529.347;531.295;531.713,531.295,530.785,529.347,531.713,0.45,stable,three_modes_latest_20260723_plus_formal_small_token,torch_profiler_kernel_external_id_or_existing_mode_parser,
h100,ordinary_generation,generation,4,on,40,3,579.007;579.138;579.748,579.138,579.298,579.007,579.748,0.13,stable,three_modes_latest_20260723_plus_formal_small_token,torch_profiler_kernel_external_id_or_existing_mode_parser,
h100,ordinary_generation,generation,4,on,64,3,636.610;637.955;639.486,637.955,638.017,636.61,639.486,0.45,stable,three_modes_latest_20260723_plus_formal_small_token,torch_profiler_kernel_external_id_or_existing_mode_parser,
h100,ordinary_generation,generation,4,on,128,3,783.934;784.032;785.248,784.032,784.405,783.934,785.248,0.17,stable,three_modes_latest_20260723_plus_formal_small_token,torch_profiler_kernel_external_id_or_existing_mode_parser,
h100,ordinary_generation,generation,4,on,288,3,862.307;862.946;865.953,862.946,863.735,862.307,865.953,0.42,stable,three_modes_latest_20260723_plus_formal_small_token,torch_profiler_kernel_external_id_or_existing_mode_parser,
h100,ordinary_generation,generation,4,on,512,3,973.604;977.887;984.385,977.887,978.625,973.604,984.385,1.1,stable,three_modes_latest_20260723_plus_formal_small_token,torch_profiler_kernel_external_id_or_existing_mode_parser,
h100,ordinary_generation,generation,4,on,896,3,987.423;989.088;989.281,989.088,988.597,987.423,989.281,0.19,stable,three_modes_latest_20260723_plus_formal_small_token,torch_profiler_kernel_external_id_or_existing_mode_parser,
h100,ordinary_generation,generation,4,on,1024,3,1178.529;1180.387;1182.180,1180.387,1180.365,1178.529,1182.18,0.31,stable,three_modes_latest_20260723_plus_formal_small_token,torch_profiler_kernel_external_id_or_existing_mode_parser,
h100,ordinary_generation,generation,4,on,1280,3,1253.700;1255.903;1257.568,1255.903,1255.724,1253.7,1257.568,0.31,stable,three_modes_latest_20260723_plus_formal_small_token,torch_profiler_kernel_external_id_or_existing_mode_parser,
h100,ordinary_generation,generation,4,on,4096,3,2196.129;2200.802;2203.042,2200.802,2199.991,2196.129,2203.042,0.31,stable,three_modes_latest_20260723_plus_formal_small_token,torch_profiler_kernel_external_id_or_existing_mode_parser,
h100,ordinary_generation,generation,4,on,8192,3,2357.950;2358.849;2370.080,2358.849,2362.293,2357.95,2370.08,0.51,stable,three_modes_latest_20260723_plus_formal_small_token,torch_profiler_kernel_external_id_or_existing_mode_parser,
h100,ordinary_generation,generation,4,on,16384,3,2376.514;2380.159;2381.314,2380.159,2379.329,2376.514,2381.314,0.2,stable,three_modes_latest_20260723_plus_formal_small_token,torch_profiler_kernel_external_id_or_existing_mode_parser,
h100,wideep_context,context,2,off,4,3,314.529;315.136;315.520,315.136,315.062,314.529,315.52,0.31,stable,three_modes_latest_20260723_plus_formal_small_token,torch_profiler_kernel_external_id_or_existing_mode_parser,
h100,wideep_context,context,2,off,8,3,588.991;601.920;602.753,601.92,597.888,588.991,602.753,2.29,stable,three_modes_latest_20260723_plus_formal_small_token,torch_profiler_kernel_external_id_or_existing_mode_parser,
h100,wideep_context,context,2,off,16,3,866.624;869.983;874.719,869.9830000000001,870.442,866.624,874.719,0.930477951868028,stable,aic_covered_context_truth_supplement_20260725,torch_profiler_kernel_external_id_or_existing_mode_parser,AIC-covered truth supplement; wideep_generation token40 excluded because nsys event-node parser produced no valid truth.
h100,wideep_context,context,2,off,32,3,1399.423;1424.508;1430.689,1424.508,1418.207,1399.423,1430.689,2.19,stable,three_modes_latest_20260723_plus_formal_small_token,torch_profiler_kernel_external_id_or_existing_mode_parser,
h100,wideep_context,context,2,off,64,3,1824.899;1825.440;1832.032,1825.44,1827.457,1824.899,1832.032,0.39,stable,three_modes_latest_20260723_plus_formal_small_token,torch_profiler_kernel_external_id_or_existing_mode_parser,
h100,wideep_context,context,2,off,128,3,2183.809;2200.190;2252.031,2200.19,2212.01,2183.809,2252.031,3.1,stable,three_modes_latest_20260723_plus_formal_small_token,torch_profiler_kernel_external_id_or_existing_mode_parser,
h100,wideep_context,context,2,off,512,3,2476.961;2478.240;2504.830,2478.24,2486.677,2476.961,2504.83,1.12,stable,three_modes_latest_20260723_plus_formal_small_token,torch_profiler_kernel_external_id_or_existing_mode_parser,
h100,wideep_context,context,2,off,640,3,2464.478;2501.501;2509.731,2501.501,2491.903,2464.478,2509.731,1.81,stable,three_modes_latest_20260723_plus_formal_small_token,torch_profiler_kernel_external_id_or_existing_mode_parser,
h100,wideep_context,context,2,off,896,3,2472.290;2485.535;2499.646,2485.535,2485.824,2472.29,2499.646,1.1,stable,three_modes_latest_20260723_plus_formal_small_token,torch_profiler_kernel_external_id_or_existing_mode_parser,
h100,wideep_context,context,2,off,1536,3,2525.826;2539.295;2567.103,2539.295,2544.075,2525.826,2567.103,1.63,stable,three_modes_latest_20260723_plus_formal_small_token,torch_profiler_kernel_external_id_or_existing_mode_parser,
h100,wideep_context,context,2,off,2048,3,2546.114;2560.323;2606.174,2560.323,2570.87,2546.114,2606.174,2.35,stable,three_modes_latest_20260723_plus_formal_small_token,torch_profiler_kernel_external_id_or_existing_mode_parser,
h100,wideep_context,context,2,off,2560,3,2671.329;2677.986;2742.242,2677.9860000000003,2697.1856666666667,2671.329,2742.242,2.647997412981248,stable,aic_covered_context_truth_supplement_20260725,torch_profiler_kernel_external_id_or_existing_mode_parser,AIC-covered truth supplement; wideep_generation token40 excluded because nsys event-node parser produced no valid truth.
h100,wideep_context,context,2,off,4096,3,2910.334;2917.791;2918.718,2917.791,2915.614,2910.334,2918.718,0.29,stable,three_modes_latest_20260723_plus_formal_small_token,torch_profiler_kernel_external_id_or_existing_mode_parser,
h100,wideep_context,context,2,off,5120,3,3022.302;3085.471;3093.150,3085.471,3066.974,3022.302,3093.15,2.3,stable,three_modes_latest_20260723_plus_formal_small_token,torch_profiler_kernel_external_id_or_existing_mode_parser,
h100,wideep_context,context,2,off,8192,3,3674.821;3709.277;3735.554,3709.277,3706.551,3674.821,3735.554,1.64,stable,three_modes_latest_20260723_plus_formal_small_token,torch_profiler_kernel_external_id_or_existing_mode_parser,
h100,wideep_context,context,2,off,10240,3,4120.636;4126.621;4171.901,4126.621,4139.719333333333,4120.636,4171.901,1.2422996926540968,stable,aic_covered_context_truth_supplement_20260725,torch_profiler_kernel_external_id_or_existing_mode_parser,AIC-covered truth supplement; wideep_generation token40 excluded because nsys event-node parser produced no valid truth.
h100,wideep_context,context,2,off,12288,3,4723.166;4723.549;4724.384,4723.549,4723.7,4723.166,4724.384,0.03,stable,three_modes_latest_20260723_plus_formal_small_token,torch_profiler_kernel_external_id_or_existing_mode_parser,
h100,wideep_context,context,2,off,14336,3,5271.486;5295.773;5331.996,5295.773,5299.751666666667,5271.486,5331.996,1.1426093980992051,stable,aic_covered_context_truth_supplement_20260725,torch_profiler_kernel_external_id_or_existing_mode_parser,AIC-covered truth supplement; wideep_generation token40 excluded because nsys event-node parser produced no valid truth.
h100,wideep_context,context,2,off,16384,3,5935.006;5988.477;6004.062,5988.477,5975.848,5935.006,6004.062,1.15,stable,three_modes_latest_20260723_plus_formal_small_token,torch_profiler_kernel_external_id_or_existing_mode_parser,
h100,wideep_context,context,2,on,4,3,313.696;314.817;315.968,314.817,314.827,313.696,315.968,0.72,stable,three_modes_latest_20260723_plus_formal_small_token,torch_profiler_kernel_external_id_or_existing_mode_parser,
h100,wideep_context,context,2,on,8,3,586.465;589.760;596.128,589.76,590.784,586.465,596.128,1.64,stable,three_modes_latest_20260723_plus_formal_small_token,torch_profiler_kernel_external_id_or_existing_mode_parser,
h100,wideep_context,context,2,on,16,3,870.206;871.456;872.288,871.456,871.3166666666666,870.206,872.288,0.2389105129805742,stable,aic_covered_context_truth_supplement_20260725,torch_profiler_kernel_external_id_or_existing_mode_parser,AIC-covered truth supplement; wideep_generation token40 excluded because nsys event-node parser produced no valid truth.
h100,wideep_context,context,2,on,32,3,1401.822;1418.816;1430.240,1418.816,1416.959,1401.822,1430.24,2.0,stable,three_modes_latest_20260723_plus_formal_small_token,torch_profiler_kernel_external_id_or_existing_mode_parser,
h100,wideep_context,context,2,on,64,3,1821.313;1849.153;1861.857,1849.153,1844.108,1821.313,1861.857,2.19,stable,three_modes_latest_20260723_plus_formal_small_token,torch_profiler_kernel_external_id_or_existing_mode_parser,
h100,wideep_context,context,2,on,128,3,2251.042;2254.910;2260.415,2254.91,2255.456,2251.042,2260.415,0.42,stable,three_modes_latest_20260723_plus_formal_small_token,torch_profiler_kernel_external_id_or_existing_mode_parser,
h100,wideep_context,context,2,on,512,3,2483.842;2484.162;2504.258,2484.162,2490.754,2483.842,2504.258,0.82,stable,three_modes_latest_20260723_plus_formal_small_token,torch_profiler_kernel_external_id_or_existing_mode_parser,
h100,wideep_context,context,2,on,640,3,2475.715;2488.478;2499.299,2488.478,2487.831,2475.715,2499.299,0.95,stable,three_modes_latest_20260723_plus_formal_small_token,torch_profiler_kernel_external_id_or_existing_mode_parser,
h100,wideep_context,context,2,on,896,3,2484.066;2488.864;2520.034,2488.864,2497.655,2484.066,2520.034,1.45,stable,three_modes_latest_20260723_plus_formal_small_token,torch_profiler_kernel_external_id_or_existing_mode_parser,
h100,wideep_context,context,2,on,1536,3,2517.122;2530.338;2543.138,2530.338,2530.199,2517.122,2543.138,1.03,stable,three_modes_latest_20260723_plus_formal_small_token,torch_profiler_kernel_external_id_or_existing_mode_parser,
h100,wideep_context,context,2,on,2048,3,2547.488;2556.926;2583.297,2556.926,2562.57,2547.488,2583.297,1.4,stable,three_modes_latest_20260723_plus_formal_small_token,torch_profiler_kernel_external_id_or_existing_mode_parser,
h100,wideep_context,context,2,on,2560,3,2651.264;2653.475;2689.663,2653.475,2664.8006666666665,2651.264,2689.663,1.4471212278238872,stable,aic_covered_context_truth_supplement_20260725,torch_profiler_kernel_external_id_or_existing_mode_parser,AIC-covered truth supplement; wideep_generation token40 excluded because nsys event-node parser produced no valid truth.
h100,wideep_context,context,2,on,4096,3,2890.302;2952.191;2960.610,2952.191,2934.368,2890.302,2960.61,2.38,stable,three_modes_latest_20260723_plus_formal_small_token,torch_profiler_kernel_external_id_or_existing_mode_parser,
h100,wideep_context,context,2,on,5120,3,2965.985;3103.359;3190.622,3103.359,3086.655,2965.985,3190.622,7.24,stable,three_modes_latest_20260723_plus_formal_small_token,torch_profiler_kernel_external_id_or_existing_mode_parser,
h100,wideep_context,context,2,on,8192,3,3619.780;3622.687;3681.122,3622.687,3641.196,3619.78,3681.122,1.69,stable,three_modes_latest_20260723_plus_formal_small_token,torch_profiler_kernel_external_id_or_existing_mode_parser,
h100,wideep_context,context,2,on,10240,3,4115.231;4121.411;4123.486,4121.411,4120.042666666667,4115.231,4123.486,0.2002954813290911,stable,aic_covered_context_truth_supplement_20260725,torch_profiler_kernel_external_id_or_existing_mode_parser,AIC-covered truth supplement; wideep_generation token40 excluded because nsys event-node parser produced no valid truth.
h100,wideep_context,context,2,on,12288,3,4747.229;4771.678;4775.006,4771.678,4764.638,4747.229,4775.006,0.58,stable,three_modes_latest_20260723_plus_formal_small_token,torch_profiler_kernel_external_id_or_existing_mode_parser,
h100,wideep_context,context,2,on,14336,3,5246.525;5260.349;5336.862,5260.349,5281.245333333333,5246.525,5336.862,1.7173195162526371,stable,aic_covered_context_truth_supplement_20260725,torch_profiler_kernel_external_id_or_existing_mode_parser,AIC-covered truth supplement; wideep_generation token40 excluded because nsys event-node parser produced no valid truth.
h100,wideep_context,context,2,on,16384,3,5985.759;6027.357;6043.259,6027.357,6018.792,5985.759,6043.259,0.95,stable,three_modes_latest_20260723_plus_formal_small_token,torch_profiler_kernel_external_id_or_existing_mode_parser,
h100,wideep_context,context,4,off,4,3,205.025;206.464;208.128,206.464,206.539,205.025,208.128,1.5,stable,three_modes_latest_20260723_plus_formal_small_token,torch_profiler_kernel_external_id_or_existing_mode_parser,
h100,wideep_context,context,4,off,8,3,350.528;354.273;356.160,354.273,353.654,350.528,356.16,1.59,stable,three_modes_latest_20260723_plus_formal_small_token,torch_profiler_kernel_external_id_or_existing_mode_parser,
h100,wideep_context,context,4,off,16,3,478.592;479.713;480.704,479.713,479.6696666666666,478.592,480.704,0.4412944637603777,stable,h100_ep4_context_supplement_20260726,torch_profiler_kernel_external_id_rankmax_layer_median_session_median,h100 four-card EP4 supplement
h100,wideep_context,context,4,off,32,3,839.456;841.248;844.864,841.248,841.856,839.456,844.864,0.64,stable,three_modes_latest_20260723_plus_formal_small_token,torch_profiler_kernel_external_id_or_existing_mode_parser,
h100,wideep_context,context,4,off,64,3,977.376;981.345;981.375,981.345,980.032,977.376,981.375,0.41,stable,three_modes_latest_20260723_plus_formal_small_token,torch_profiler_kernel_external_id_or_existing_mode_parser,
h100,wideep_context,context,4,off,128,3,1127.137;1129.601;1133.923,1129.601,1130.22,1127.137,1133.923,0.6,stable,three_modes_latest_20260723_plus_formal_small_token,torch_profiler_kernel_external_id_or_existing_mode_parser,
h100,wideep_context,context,4,off,512,3,1238.176;1243.009;1248.897,1243.009,1243.361,1238.176,1248.897,0.86,stable,three_modes_latest_20260723_plus_formal_small_token,torch_profiler_kernel_external_id_or_existing_mode_parser,
h100,wideep_context,context,4,off,640,3,1241.282;1247.168;1247.874,1247.168,1245.441,1241.282,1247.874,0.53,stable,three_modes_latest_20260723_plus_formal_small_token,torch_profiler_kernel_external_id_or_existing_mode_parser,
h100,wideep_context,context,4,off,896,3,1241.409;1245.888;1247.903,1245.888,1245.067,1241.409,1247.903,0.52,stable,three_modes_latest_20260723_plus_formal_small_token,torch_profiler_kernel_external_id_or_existing_mode_parser,
h100,wideep_context,context,4,off,1536,3,1259.840;1264.609;1269.662,1264.609,1264.704,1259.84,1269.662,0.78,stable,three_modes_latest_20260723_plus_formal_small_token,torch_profiler_kernel_external_id_or_existing_mode_parser,
h100,wideep_context,context,4,off,2048,3,1286.018;1286.655;1310.848,1286.655,1294.507,1286.018,1310.848,1.93,stable,three_modes_latest_20260723_plus_formal_small_token,torch_profiler_kernel_external_id_or_existing_mode_parser,
h100,wideep_context,context,4,off,2560,3,1303.361;1311.841;1313.184,1311.841,1309.4620000000002,1303.361,1313.184,0.7536668658951529,stable,h100_ep4_context_supplement_20260726,torch_profiler_kernel_external_id_rankmax_layer_median_session_median,h100 four-card EP4 supplement
h100,wideep_context,context,4,off,4096,3,1419.777;1428.644;1440.415,1428.644,1429.612,1419.777,1440.415,1.44,stable,three_modes_latest_20260723_plus_formal_small_token,torch_profiler_kernel_external_id_or_existing_mode_parser,
h100,wideep_context,context,4,off,5120,3,1550.817;1560.608;1595.489,1560.608,1568.971,1550.817,1595.489,2.86,stable,three_modes_latest_20260723_plus_formal_small_token,torch_profiler_kernel_external_id_or_existing_mode_parser,
h100,wideep_context,context,4,off,8192,3,1939.970;1970.433;1987.713,1970.433,1966.039,1939.97,1987.713,2.42,stable,three_modes_latest_20260723_plus_formal_small_token,torch_profiler_kernel_external_id_or_existing_mode_parser,
h100,wideep_context,context,4,off,10240,3,2242.755;2243.201;2249.506,2243.201,2245.154,2242.755,2249.506,0.3010137085860842,stable,h100_ep4_context_supplement_20260726,torch_profiler_kernel_external_id_rankmax_layer_median_session_median,h100 four-card EP4 supplement
h100,wideep_context,context,4,off,12288,3,2578.402;2597.667;2606.851,2597.667,2594.307,2578.402,2606.851,1.1,stable,three_modes_latest_20260723_plus_formal_small_token,torch_profiler_kernel_external_id_or_existing_mode_parser,
h100,wideep_context,context,4,off,14336,3,2906.147;2909.247;2911.199,2909.2470000000003,2908.864333333333,2906.147,2911.199,0.1738384190476338,stable,h100_ep4_context_supplement_20260726,torch_profiler_kernel_external_id_rankmax_layer_median_session_median,h100 four-card EP4 supplement
h100,wideep_context,context,4,off,16384,3,3301.763;3302.466;3308.803,3302.466,3304.344,3301.763,3308.803,0.21,stable,three_modes_latest_20260723_plus_formal_small_token,torch_profiler_kernel_external_id_or_existing_mode_parser,
h100,wideep_context,context,4,on,4,3,205.665;205.984;206.657,205.984,206.102,205.665,206.657,0.48,stable,three_modes_latest_20260723_plus_formal_small_token,torch_profiler_kernel_external_id_or_existing_mode_parser,
h100,wideep_context,context,4,on,8,3,355.267;355.296;356.032,355.296,355.532,355.267,356.032,0.22,stable,three_modes_latest_20260723_plus_formal_small_token,torch_profiler_kernel_external_id_or_existing_mode_parser,
h100,wideep_context,context,4,on,16,3,478.850;480.576;483.328,480.576,480.918,478.85,483.328,0.935157147332144,stable,h100_ep4_context_supplement_20260726,torch_profiler_kernel_external_id_rankmax_layer_median_session_median,h100 four-card EP4 supplement
h100,wideep_context,context,4,on,32,3,840.387;847.457;848.481,847.457,845.442,840.387,848.481,0.96,stable,three_modes_latest_20260723_plus_formal_small_token,torch_profiler_kernel_external_id_or_existing_mode_parser,
h100,wideep_context,context,4,on,64,3,972.191;974.080;979.967,974.08,975.413,972.191,979.967,0.8,stable,three_modes_latest_20260723_plus_formal_small_token,torch_profiler_kernel_external_id_or_existing_mode_parser,
h100,wideep_context,context,4,on,128,3,1130.848;1135.936;1137.986,1135.936,1134.923,1130.848,1137.986,0.63,stable,three_modes_latest_20260723_plus_formal_small_token,torch_profiler_kernel_external_id_or_existing_mode_parser,
h100,wideep_context,context,4,on,512,3,1238.242;1247.106;1250.433,1247.106,1245.26,1238.242,1250.433,0.98,stable,three_modes_latest_20260723_plus_formal_small_token,torch_profiler_kernel_external_id_or_existing_mode_parser,
h100,wideep_context,context,4,on,640,3,1244.354;1252.610;1253.538,1252.61,1250.167,1244.354,1253.538,0.73,stable,three_modes_latest_20260723_plus_formal_small_token,torch_profiler_kernel_external_id_or_existing_mode_parser,
h100,wideep_context,context,4,on,896,3,1252.097;1252.224;1256.545,1252.224,1253.622,1252.097,1256.545,0.36,stable,three_modes_latest_20260723_plus_formal_small_token,torch_profiler_kernel_external_id_or_existing_mode_parser,
h100,wideep_context,context,4,on,1536,3,1263.777;1264.353;1265.729,1264.353,1264.62,1263.777,1265.729,0.15,stable,three_modes_latest_20260723_plus_formal_small_token,torch_profiler_kernel_external_id_or_existing_mode_parser,
h100,wideep_context,context,4,on,2048,3,1297.536;1299.713;1310.976,1299.713,1302.742,1297.536,1310.976,1.03,stable,three_modes_latest_20260723_plus_formal_small_token,torch_profiler_kernel_external_id_or_existing_mode_parser,
h100,wideep_context,context,4,on,2560,3,1303.841;1317.473;1339.522,1317.473,1320.2786666666666,1303.841,1339.522,2.7366066874718653,stable,h100_ep4_context_supplement_20260726,torch_profiler_kernel_external_id_rankmax_layer_median_session_median,h100 four-card EP4 supplement
h100,wideep_context,context,4,on,4096,3,1415.679;1430.913;1445.504,1430.913,1430.699,1415.679,1445.504,2.08,stable,three_modes_latest_20260723_plus_formal_small_token,torch_profiler_kernel_external_id_or_existing_mode_parser,
h100,wideep_context,context,4,on,5120,3,1554.721;1563.298;1567.359,1563.298,1561.793,1554.721,1567.359,0.81,stable,three_modes_latest_20260723_plus_formal_small_token,torch_profiler_kernel_external_id_or_existing_mode_parser,
h100,wideep_context,context,4,on,8192,3,1928.929;1961.442;1974.690,1961.442,1955.02,1928.929,1974.69,2.33,stable,three_modes_latest_20260723_plus_formal_small_token,torch_profiler_kernel_external_id_or_existing_mode_parser,
h100,wideep_context,context,4,on,10240,3,2241.760;2244.930;2246.883,2244.93,2244.5243333333333,2241.76,2246.883,0.2285258011562208,stable,h100_ep4_context_supplement_20260726,torch_profiler_kernel_external_id_rankmax_layer_median_session_median,h100 four-card EP4 supplement
h100,wideep_context,context,4,on,12288,3,2608.930;2617.637;2621.538,2617.637,2616.035,2608.93,2621.538,0.48,stable,three_modes_latest_20260723_plus_formal_small_token,torch_profiler_kernel_external_id_or_existing_mode_parser,
h100,wideep_context,context,4,on,14336,3,2897.123;2900.639;2906.467,2900.639,2901.409666666667,2897.123,2906.467,0.3225268654454716,stable,h100_ep4_context_supplement_20260726,torch_profiler_kernel_external_id_rankmax_layer_median_session_median,h100 four-card EP4 supplement
h100,wideep_context,context,4,on,16384,3,3295.298;3307.362;3309.347,3307.362,3304.002,3295.298,3309.347,0.42,stable,three_modes_latest_20260723_plus_formal_small_token,torch_profiler_kernel_external_id_or_existing_mode_parser,
h100,wideep_generation,generation,2,off,4,3,205.216;204.256;205.999,205.216,205.157,204.256,205.999,0.85,stable,wideep_generation_nsys_parser_v2_full_review_20260723,nsys_cuda_graph_semantic_routed_compute_parser_v2,WideEP generation uses nsys parser v2; not old torch-profiler truth.
h100,wideep_generation,generation,2,off,8,3,292.608;293.840;291.935,292.608,292.794,291.935,293.84,0.65,stable,wideep_generation_nsys_parser_v2_full_review_20260723,nsys_cuda_graph_semantic_routed_compute_parser_v2,WideEP generation uses nsys parser v2; not old torch-profiler truth.
h100,wideep_generation,generation,2,off,32,3,693.536;696.704;694.592,694.592,694.944,693.536,696.704,0.46,stable,wideep_generation_nsys_parser_v2_full_review_20260723,nsys_cuda_graph_semantic_routed_compute_parser_v2,WideEP generation uses nsys parser v2; not old torch-profiler truth.
h100,wideep_generation,generation,2,off,64,3,1011.472;1010.255;1012.448,1011.472,1011.392,1010.255,1012.448,0.22,stable,wideep_generation_nsys_parser_v2_full_review_20260723,nsys_cuda_graph_semantic_routed_compute_parser_v2,WideEP generation uses nsys parser v2; not old torch-profiler truth.
h100,wideep_generation,generation,2,off,128,3,1308.448;1318.608;1313.775,1313.775,1313.61,1308.448,1318.608,0.77,stable,wideep_generation_nsys_parser_v2_full_review_20260723,nsys_cuda_graph_semantic_routed_compute_parser_v2,WideEP generation uses nsys parser v2; not old torch-profiler truth.
h100,wideep_generation,generation,2,off,288,3,1650.927;1654.064;1647.936,1650.927,1650.976,1647.936,1654.064,0.37,stable,wideep_generation_nsys_parser_v2_full_review_20260723,nsys_cuda_graph_semantic_routed_compute_parser_v2,WideEP generation uses nsys parser v2; not old torch-profiler truth.
h100,wideep_generation,generation,2,off,512,3,1786.847;1781.039;1771.696,1781.039,1779.861,1771.696,1786.847,0.85,stable,wideep_generation_nsys_parser_v2_full_review_20260723,nsys_cuda_graph_semantic_routed_compute_parser_v2,WideEP generation uses nsys parser v2; not old torch-profiler truth.
h100,wideep_generation,generation,2,off,896,3,1850.479;1852.320;1865.199,1852.32,1855.999,1850.479,1865.199,0.79,stable,wideep_generation_nsys_parser_v2_full_review_20260723,nsys_cuda_graph_semantic_routed_compute_parser_v2,WideEP generation uses nsys parser v2; not old torch-profiler truth.
h100,wideep_generation,generation,2,off,1024,3,1896.351;1893.361;1894.429,1894.429,1894.714,1893.361,1896.351,0.16,stable,wideep_generation_nsys_parser_v2_full_review_20260723,nsys_cuda_graph_semantic_routed_compute_parser_v2,WideEP generation uses nsys parser v2; not old torch-profiler truth.
h100,wideep_generation,generation,2,off,1280,3,1920.320;1920.111;1914.032,1920.111,1918.154,1914.032,1920.32,0.33,stable,wideep_generation_nsys_parser_v2_full_review_20260723,nsys_cuda_graph_semantic_routed_compute_parser_v2,WideEP generation uses nsys parser v2; not old torch-profiler truth.
h100,wideep_generation,generation,2,on,4,3,206.368;204.656;205.648,205.648,205.557,204.656,206.368,0.83,stable,wideep_generation_nsys_parser_v2_full_review_20260723,nsys_cuda_graph_semantic_routed_compute_parser_v2,WideEP generation uses nsys parser v2; not old torch-profiler truth.
h100,wideep_generation,generation,2,on,8,3,292.912;291.423;298.112,292.912,294.149,291.423,298.112,2.28,stable,wideep_generation_nsys_parser_v2_full_review_20260723,nsys_cuda_graph_semantic_routed_compute_parser_v2,WideEP generation uses nsys parser v2; not old torch-profiler truth.
h100,wideep_generation,generation,2,on,32,3,693.184;689.775;691.327,691.327,691.429,689.775,693.184,0.49,stable,wideep_generation_nsys_parser_v2_full_review_20260723,nsys_cuda_graph_semantic_routed_compute_parser_v2,WideEP generation uses nsys parser v2; not old torch-profiler truth.
h100,wideep_generation,generation,2,on,64,3,1010.959;1012.671;1009.471,1010.959,1011.034,1009.471,1012.671,0.32,stable,wideep_generation_nsys_parser_v2_full_review_20260723,nsys_cuda_graph_semantic_routed_compute_parser_v2,WideEP generation uses nsys parser v2; not old torch-profiler truth.
h100,wideep_generation,generation,2,on,128,3,1316.943;1313.184;1312.975,1313.184,1314.367,1312.975,1316.943,0.3,stable,wideep_generation_nsys_parser_v2_full_review_20260723,nsys_cuda_graph_semantic_routed_compute_parser_v2,WideEP generation uses nsys parser v2; not old torch-profiler truth.
h100,wideep_generation,generation,2,on,288,3,1656.927;1654.032;1658.208,1656.927,1656.389,1654.032,1658.208,0.25,stable,wideep_generation_nsys_parser_v2_full_review_20260723,nsys_cuda_graph_semantic_routed_compute_parser_v2,WideEP generation uses nsys parser v2; not old torch-profiler truth.
h100,wideep_generation,generation,2,on,512,3,1787.263;1782.015;1782.159,1782.159,1783.812,1782.015,1787.263,0.29,stable,wideep_generation_nsys_parser_v2_full_review_20260723,nsys_cuda_graph_semantic_routed_compute_parser_v2,WideEP generation uses nsys parser v2; not old torch-profiler truth.
h100,wideep_generation,generation,2,on,896,3,1859.648;1859.264;1858.896,1859.264,1859.269,1858.896,1859.648,0.04,stable,wideep_generation_nsys_parser_v2_full_review_20260723,nsys_cuda_graph_semantic_routed_compute_parser_v2,WideEP generation uses nsys parser v2; not old torch-profiler truth.
h100,wideep_generation,generation,2,on,1024,3,1898.896;1912.336;1889.663,1898.896,1900.298,1889.663,1912.336,1.19,stable,wideep_generation_nsys_parser_v2_full_review_20260723,nsys_cuda_graph_semantic_routed_compute_parser_v2,WideEP generation uses nsys parser v2; not old torch-profiler truth.
h100,wideep_generation,generation,2,on,1280,3,1921.840;1918.479;1914.959,1918.479,1918.426,1914.959,1921.84,0.36,stable,wideep_generation_nsys_parser_v2_full_review_20260723,nsys_cuda_graph_semantic_routed_compute_parser_v2,WideEP generation uses nsys parser v2; not old torch-profiler truth.
h100,wideep_generation,generation,4,off,4,3,87.920;88.864;87.488,87.92,88.091,87.488,88.864,1.57,stable,wideep_generation_nsys_parser_v2_full_review_20260723,nsys_cuda_graph_semantic_routed_compute_parser_v2,WideEP generation uses nsys parser v2; not old torch-profiler truth.
h100,wideep_generation,generation,4,off,8,3,113.712;114.384;114.320,114.32,114.139,113.712,114.384,0.59,stable,wideep_generation_nsys_parser_v2_full_review_20260723,nsys_cuda_graph_semantic_routed_compute_parser_v2,WideEP generation uses nsys parser v2; not old torch-profiler truth.
h100,wideep_generation,generation,4,off,32,3,212.816;213.776;214.992,213.776,213.861,212.816,214.992,1.02,stable,wideep_generation_nsys_parser_v2_full_review_20260723,nsys_cuda_graph_semantic_routed_compute_parser_v2,WideEP generation uses nsys parser v2; not old torch-profiler truth.
h100,wideep_generation,generation,4,off,64,3,340.400;338.512;341.136,340.4,340.016,338.512,341.136,0.77,stable,wideep_generation_nsys_parser_v2_full_review_20260723,nsys_cuda_graph_semantic_routed_compute_parser_v2,WideEP generation uses nsys parser v2; not old torch-profiler truth.
h100,wideep_generation,generation,4,off,128,3,494.432;492.288;497.520,494.432,494.747,492.288,497.52,1.06,stable,wideep_generation_nsys_parser_v2_full_review_20260723,nsys_cuda_graph_semantic_routed_compute_parser_v2,WideEP generation uses nsys parser v2; not old torch-profiler truth.
h100,wideep_generation,generation,4,off,288,3,668.609;668.224;664.081,668.224,666.971,664.081,668.609,0.68,stable,wideep_generation_nsys_parser_v2_full_review_20260723,nsys_cuda_graph_semantic_routed_compute_parser_v2,WideEP generation uses nsys parser v2; not old torch-profiler truth.
h100,wideep_generation,generation,4,off,512,3,790.896;783.488;780.001,783.488,784.795,780.001,790.896,1.39,stable,wideep_generation_nsys_parser_v2_full_review_20260723,nsys_cuda_graph_semantic_routed_compute_parser_v2,WideEP generation uses nsys parser v2; not old torch-profiler truth.
h100,wideep_generation,generation,4,off,896,3,859.569;858.992;856.256,858.992,858.272,856.256,859.569,0.39,stable,wideep_generation_nsys_parser_v2_full_review_20260723,nsys_cuda_graph_semantic_routed_compute_parser_v2,WideEP generation uses nsys parser v2; not old torch-profiler truth.
h100,wideep_generation,generation,4,off,1024,3,878.784;871.104;872.016,872.016,873.968,871.104,878.784,0.88,stable,wideep_generation_nsys_parser_v2_full_review_20260723,nsys_cuda_graph_semantic_routed_compute_parser_v2,WideEP generation uses nsys parser v2; not old torch-profiler truth.
h100,wideep_generation,generation,4,off,1280,3,888.993;886.528;886.304,886.528,887.275,886.304,888.993,0.3,stable,wideep_generation_nsys_parser_v2_full_review_20260723,nsys_cuda_graph_semantic_routed_compute_parser_v2,WideEP generation uses nsys parser v2; not old torch-profiler truth.
h100,wideep_generation,generation,4,on,4,3,88.512;88.272;89.552,88.512,88.779,88.272,89.552,1.45,stable,wideep_generation_nsys_parser_v2_full_review_20260723,nsys_cuda_graph_semantic_routed_compute_parser_v2,WideEP generation uses nsys parser v2; not old torch-profiler truth.
h100,wideep_generation,generation,4,on,8,3,112.912;113.408;113.520,113.408,113.28,112.912,113.52,0.54,stable,wideep_generation_nsys_parser_v2_full_review_20260723,nsys_cuda_graph_semantic_routed_compute_parser_v2,WideEP generation uses nsys parser v2; not old torch-profiler truth.
h100,wideep_generation,generation,4,on,32,3,215.041;213.520;213.424,213.52,213.995,213.424,215.041,0.76,stable,wideep_generation_nsys_parser_v2_full_review_20260723,nsys_cuda_graph_semantic_routed_compute_parser_v2,WideEP generation uses nsys parser v2; not old torch-profiler truth.
h100,wideep_generation,generation,4,on,64,3,340.272;340.960;339.152,340.272,340.128,339.152,340.96,0.53,stable,wideep_generation_nsys_parser_v2_full_review_20260723,nsys_cuda_graph_semantic_routed_compute_parser_v2,WideEP generation uses nsys parser v2; not old torch-profiler truth.
h100,wideep_generation,generation,4,on,128,3,494.240;491.104;493.664,493.664,493.003,491.104,494.24,0.64,stable,wideep_generation_nsys_parser_v2_full_review_20260723,nsys_cuda_graph_semantic_routed_compute_parser_v2,WideEP generation uses nsys parser v2; not old torch-profiler truth.
h100,wideep_generation,generation,4,on,288,3,668.225;669.056;669.456,669.056,668.912,668.225,669.456,0.18,stable,wideep_generation_nsys_parser_v2_full_review_20260723,nsys_cuda_graph_semantic_routed_compute_parser_v2,WideEP generation uses nsys parser v2; not old torch-profiler truth.
h100,wideep_generation,generation,4,on,512,3,783.504;781.600;784.144,783.504,783.083,781.6,784.144,0.32,stable,wideep_generation_nsys_parser_v2_full_review_20260723,nsys_cuda_graph_semantic_routed_compute_parser_v2,WideEP generation uses nsys parser v2; not old torch-profiler truth.
h100,wideep_generation,generation,4,on,896,3,856.736;856.352;856.849,856.736,856.646,856.352,856.849,0.06,stable,wideep_generation_nsys_parser_v2_full_review_20260723,nsys_cuda_graph_semantic_routed_compute_parser_v2,WideEP generation uses nsys parser v2; not old torch-profiler truth.
h100,wideep_generation,generation,4,on,1024,3,869.712;872.048;876.960,872.048,872.907,869.712,876.96,0.83,stable,wideep_generation_nsys_parser_v2_full_review_20260723,nsys_cuda_graph_semantic_routed_compute_parser_v2,WideEP generation uses nsys parser v2; not old torch-profiler truth.
h100,wideep_generation,generation,4,on,1280,3,888.465;883.760;883.856,883.856,885.36,883.76,888.465,0.53,stable,wideep_generation_nsys_parser_v2_full_review_20260723,nsys_cuda_graph_semantic_routed_compute_parser_v2,WideEP generation uses nsys parser v2; not old torch-profiler truth.
